-- phpMyAdmin SQL Dump
-- version 5.2.0
-- https://www.phpmyadmin.net/
--
-- Host: 127.0.0.1
-- Generation Time: Feb 26, 2023 at 08:21 PM
-- Server version: 10.4.27-MariaDB
-- PHP Version: 8.2.0

SET SQL_MODE = "NO_AUTO_VALUE_ON_ZERO";
START TRANSACTION;
SET time_zone = "+00:00";


/*!40101 SET @OLD_CHARACTER_SET_CLIENT=@@CHARACTER_SET_CLIENT */;
/*!40101 SET @OLD_CHARACTER_SET_RESULTS=@@CHARACTER_SET_RESULTS */;
/*!40101 SET @OLD_COLLATION_CONNECTION=@@COLLATION_CONNECTION */;
/*!40101 SET NAMES utf8mb4 */;

--
-- Database: `405found`
--

-- --------------------------------------------------------

--
-- Table structure for table `comments`
--

CREATE TABLE `comments` (
  `comment_id` int(11) NOT NULL,
  `user_id` int(11) NOT NULL,
  `post_id` int(11) NOT NULL,
  `comment_created_at` datetime NOT NULL DEFAULT current_timestamp(),
  `comment_content` longtext NOT NULL
) ENGINE=InnoDB DEFAULT CHARSET=utf8mb4 COLLATE=utf8mb4_general_ci;

-- --------------------------------------------------------

--
-- Table structure for table `contact`
--

CREATE TABLE `contact` (
  `id` int(11) NOT NULL,
  `name` varchar(255) NOT NULL,
  `email` varchar(255) NOT NULL,
  `subject` varchar(255) NOT NULL,
  `message` text NOT NULL
) ENGINE=InnoDB DEFAULT CHARSET=utf8mb4 COLLATE=utf8mb4_general_ci;

--
-- Dumping data for table `contact`
--

INSERT INTO `contact` (`id`, `name`, `email`, `subject`, `message`) VALUES
(1, 'mohammad', 'admin@gmail.com', 'mmm', 'xxx'),
(2, 'mohammad', 'mohammadalnuqeiti@gmail.com', 'sss', 'sss');

-- --------------------------------------------------------

--
-- Table structure for table `friends`
--

CREATE TABLE `friends` (
  `id` int(20) NOT NULL,
  `user_id` int(20) NOT NULL,
  `friend_id` int(20) NOT NULL,
  `status` varchar(50) NOT NULL DEFAULT 'pending'
) ENGINE=InnoDB DEFAULT CHARSET=utf8mb4 COLLATE=utf8mb4_general_ci;

--
-- Dumping data for table `friends`
--

INSERT INTO `friends` (`id`, `user_id`, `friend_id`, `status`) VALUES
(53, 2, 3, 'accepted'),
(55, 3, 2, 'accepted'),
(60, 4, 1, 'accepted'),
(61, 1, 4, 'accepted'),
(62, 4, 2, 'accepted'),
(63, 2, 4, 'accepted');

-- --------------------------------------------------------

--
-- Table structure for table `groups`
--

CREATE TABLE `groups` (
  `group_id` int(50) NOT NULL,
  `group_name` varchar(255) NOT NULL,
  `group_image` varchar(255) NOT NULL,
  `user_id` int(50) NOT NULL,
  `status` varchar(50) NOT NULL
) ENGINE=InnoDB DEFAULT CHARSET=utf8mb4 COLLATE=utf8mb4_general_ci;

--
-- Dumping data for table `groups`
--

INSERT INTO `groups` (`group_id`, `group_name`, `group_image`, `user_id`, `status`) VALUES
(2, 'ahmed', 'mohammad.jpg', 4, ''),
(3, 'action', 'ea03a811caa36ef225a2d93812ba3096.jpg', 4, ''),
(4, 'parcelona', 'kissclipart-calvin-klein-logo-clipart-t-shirt-calvin-klein-log-2cdb07f94a0b1e5d.jpg', 1, ''),
(6, 'madred', 'cover land page.jpg', 2, '');

-- --------------------------------------------------------

--
-- Table structure for table `likes`
--

CREATE TABLE `likes` (
  `user_id` int(50) NOT NULL,
  `post_id` int(50) NOT NULL
) ENGINE=InnoDB DEFAULT CHARSET=utf8mb4 COLLATE=utf8mb4_general_ci;

-- --------------------------------------------------------

--
-- Table structure for table `members`
--

CREATE TABLE `members` (
  `members_id` int(11) NOT NULL,
  `user_id` int(50) NOT NULL,
  `group_id` int(50) NOT NULL,
  `status` varchar(50) NOT NULL DEFAULT 'pending'
) ENGINE=InnoDB DEFAULT CHARSET=utf8mb4 COLLATE=utf8mb4_general_ci;

--
-- Dumping data for table `members`
--

INSERT INTO `members` (`members_id`, `user_id`, `group_id`, `status`) VALUES
(17, 4, 6, 'accepted'),
(21, 2, 4, 'accepted'),
(22, 1, 6, 'accepted');

-- --------------------------------------------------------

--
-- Table structure for table `posts`
--

CREATE TABLE `posts` (
  `post_id` int(50) NOT NULL,
  `user_id` int(50) NOT NULL,
  `content` longtext NOT NULL,
  `created_at` datetime NOT NULL DEFAULT current_timestamp(),
  `group_id` int(100) NOT NULL DEFAULT 0,
  `post_image` varchar(255) DEFAULT 'a'
) ENGINE=InnoDB DEFAULT CHARSET=utf8mb4 COLLATE=utf8mb4_general_ci;

--
-- Dumping data for table `posts`
--

INSERT INTO `posts` (`post_id`, `user_id`, `content`, `created_at`, `group_id`, `post_image`) VALUES
(32, 2, 'a', '2023-02-26 16:38:50', 0, 'a'),
(33, 2, 'aaaa', '2023-02-26 16:39:40', 0, 'a');

-- --------------------------------------------------------

--
-- Table structure for table `users`
--

CREATE TABLE `users` (
  `id` int(11) NOT NULL,
  `name` varchar(50) NOT NULL,
  `email` varchar(50) NOT NULL,
  `password` varchar(50) NOT NULL,
  `phone` varchar(14) NOT NULL,
  `image` varchar(255) DEFAULT NULL,
  `created_at` timestamp NOT NULL DEFAULT current_timestamp()
) ENGINE=InnoDB DEFAULT CHARSET=utf8mb4 COLLATE=utf8mb4_general_ci;

--
-- Dumping data for table `users`
--

INSERT INTO `users` (`id`, `name`, `email`, `password`, `phone`, `image`, `created_at`) VALUES
(1, 'mohammad', 'mohammad@gmail.com', 'asdfghjkl', 'asdfghjkl', 'icon.png', '2023-02-22 21:00:00'),
(2, 'ahmed', 'ahmed@gmail.com', 'zxcvbnm', '0790369501', 'icon.png', '2023-02-22 21:00:00'),
(3, 'asem', 'asem@gmail.com', 'asdfghjkl', '0790369501', 'icon.png', '2023-02-22 21:00:00'),
(4, 'abedd', 'abed@gmail.com', 'asdfghjkl', '0797621548', 'icon.png', '2023-02-23 21:00:00'),
(5, 'amroa', 'abeda@gmail.com', 'asdfghjkl', '0790369501', 'icon.png', '2023-02-24 21:00:00'),
(6, 'jackk', 'jack@gmail.com', 'asdfghjkl', '0790369501', 'icon.png', '2023-02-24 21:00:00');

--
-- Indexes for dumped tables
--

--
-- Indexes for table `comments`
--
ALTER TABLE `comments`
  ADD PRIMARY KEY (`comment_id`),
  ADD KEY `post_id` (`post_id`),
  ADD KEY `user_id` (`user_id`);

--
-- Indexes for table `contact`
--
ALTER TABLE `contact`
  ADD PRIMARY KEY (`id`);

--
-- Indexes for table `friends`
--
ALTER TABLE `friends`
  ADD PRIMARY KEY (`id`),
  ADD KEY `user_id` (`user_id`);

--
-- Indexes for table `groups`
--
ALTER TABLE `groups`
  ADD PRIMARY KEY (`group_id`),
  ADD KEY `user_id` (`user_id`);

--
-- Indexes for table `members`
--
ALTER TABLE `members`
  ADD PRIMARY KEY (`members_id`),
  ADD KEY `user_id` (`user_id`),
  ADD KEY `group_id` (`group_id`);

--
-- Indexes for table `posts`
--
ALTER TABLE `posts`
  ADD PRIMARY KEY (`post_id`);

--
-- Indexes for table `users`
--
ALTER TABLE `users`
  ADD PRIMARY KEY (`id`);

--
-- AUTO_INCREMENT for dumped tables
--

--
-- AUTO_INCREMENT for table `comments`
--
ALTER TABLE `comments`
  MODIFY `comment_id` int(11) NOT NULL AUTO_INCREMENT, AUTO_INCREMENT=62;

--
-- AUTO_INCREMENT for table `contact`
--
ALTER TABLE `contact`
  MODIFY `id` int(11) NOT NULL AUTO_INCREMENT, AUTO_INCREMENT=3;

--
-- AUTO_INCREMENT for table `friends`
--
ALTER TABLE `friends`
  MODIFY `id` int(20) NOT NULL AUTO_INCREMENT, AUTO_INCREMENT=64;

--
-- AUTO_INCREMENT for table `groups`
--
ALTER TABLE `groups`
  MODIFY `group_id` int(50) NOT NULL AUTO_INCREMENT, AUTO_INCREMENT=7;

--
-- AUTO_INCREMENT for table `members`
--
ALTER TABLE `members`
  MODIFY `members_id` int(11) NOT NULL AUTO_INCREMENT, AUTO_INCREMENT=23;

--
-- AUTO_INCREMENT for table `posts`
--
ALTER TABLE `posts`
  MODIFY `post_id` int(50) NOT NULL AUTO_INCREMENT, AUTO_INCREMENT=34;

--
-- AUTO_INCREMENT for table `users`
--
ALTER TABLE `users`
  MODIFY `id` int(11) NOT NULL AUTO_INCREMENT, AUTO_INCREMENT=7;

--
-- Constraints for dumped tables
--

--
-- Constraints for table `comments`
--
ALTER TABLE `comments`
  ADD CONSTRAINT `comments_ibfk_1` FOREIGN KEY (`post_id`) REFERENCES `posts` (`post_id`) ON DELETE CASCADE ON UPDATE CASCADE,
  ADD CONSTRAINT `comments_ibfk_2` FOREIGN KEY (`user_id`) REFERENCES `users` (`id`) ON DELETE CASCADE ON UPDATE CASCADE;

--
-- Constraints for table `friends`
--
ALTER TABLE `friends`
  ADD CONSTRAINT `friends_ibfk_1` FOREIGN KEY (`user_id`) REFERENCES `users` (`id`) ON DELETE CASCADE ON UPDATE CASCADE;

--
-- Constraints for table `groups`
--
ALTER TABLE `groups`
  ADD CONSTRAINT `groups_ibfk_1` FOREIGN KEY (`user_id`) REFERENCES `users` (`id`) ON DELETE CASCADE ON UPDATE CASCADE;

--
-- Constraints for table `members`
--
ALTER TABLE `members`
  ADD CONSTRAINT `members_ibfk_1` FOREIGN KEY (`user_id`) REFERENCES `users` (`id`) ON DELETE CASCADE ON UPDATE CASCADE,
  ADD CONSTRAINT `members_ibfk_2` FOREIGN KEY (`group_id`) REFERENCES `groups` (`group_id`) ON DELETE CASCADE ON UPDATE CASCADE;
COMMIT;

/*!40101 SET CHARACTER_SET_CLIENT=@OLD_CHARACTER_SET_CLIENT */;
/*!40101 SET CHARACTER_SET_RESULTS=@OLD_CHARACTER_SET_RESULTS */;
/*!40101 SET COLLATION_CONNECTION=@OLD_COLLATION_CONNECTION */;
